model,cv_folds,accuracy_mean,accuracy_std,precision_weighted_mean,recall_weighted_mean,f1_weighted_mean,fit_time_mean_s,score_time_mean_s
DecisionTree,10,0.9964500000000001,0.001507481343168132,0.9964875661180631,0.9964500000000001,0.9964471221503881,2.5071155786514283,0.23901007175445557
NaiveBayes,10,0.97205,0.003142053468672993,0.9751256326289001,0.97205,0.9727621747592959,0.822230315208435,0.11671838760375977
RandomForest,10,1.0,0.0,1.0,1.0,1.0,5.9173742771148685,0.22003986835479736
LinearSVM,10,1.0,0.0,1.0,1.0,1.0,9.07074019908905,0.2020322322845459
